ds,y,day_of_week,month,day_of_month,week_of_year,is_weekend,lag_1,lag_7,lag_14,roll_mean_7,roll_std_7,roll_mean_30
2021-01-31,779.95,6,1,31,4,1,571.15,761.85,834.2,447.20714285714286,235.65309855196662,508.62233333333336
2021-02-01,340.4,0,2,1,5,0,779.95,438.3,451.05,433.2214285714286,239.14902058678618,487.04066666666665
2021-02-02,411.35,1,2,2,5,0,340.4,431.05,416.35,430.40714285714284,239.2947022476878,466.94233333333335
2021-02-03,0.0,2,2,3,5,0,411.35,0.0,0.0,430.40714285714284,239.2947022476878,451.5456666666667
2021-02-04,424.55,3,2,4,5,0,0.0,397.3,441.0,434.3,238.88765490637374,448.5073333333333
2021-02-05,543.4499999999999,4,2,5,5,0,424.55,512.7,535.1,438.6928571428571,240.84433151687327,466.62233333333336
2021-02-06,629.4,5,2,6,5,1,543.4499999999999,571.15,602.8,447.0142857142857,247.108460859946,469.469
2021-02-07,764.35,6,2,7,5,1,629.4,779.95,761.85,444.7857142857143,243.65157793162646,477.16066666666666
2021-02-08,465.45000000000005,0,2,8,6,0,764.35,340.4,438.3,462.65000000000003,239.26737310660087,470.4606666666667
2021-02-09,459.6,1,2,9,6,0,465.45000000000005,411.35,431.05,469.54285714285714,238.2359779514341,456.0873333333333
2021-02-10,0.0,2,2,10,6,0,459.6,0.0,0.0,469.54285714285714,238.23597795143414,441.43566666666663
2021-02-11,314.45,3,2,11,6,0,0.0,424.55,397.3,453.8142857142857,245.23322524059577,439.36066666666665
2021-02-12,442.75,4,2,12,6,0,314.45,543.4499999999999,512.7,439.42857142857144,242.03141128295533,454.11899999999997
2021-02-13,583.5,5,2,13,6,1,442.75,629.4,571.15,432.87142857142857,236.5874342555392,456.35066666666665
2021-02-14,929.5500000000001,6,2,14,6,1,583.5,764.35,779.95,456.4714285714286,279.50984606560655,470.075
2021-02-15,485.15,0,2,15,7,0,929.5500000000001,465.45000000000005,340.4,459.2857142857143,279.7144164355938,465.55833333333334
2021-02-16,456.45,1,2,16,7,0,485.15,459.6,411.35,458.8357142857143,279.7163603758364,452.96666666666664
2021-02-17,0.0,2,2,17,7,0,456.45,0.0,0.0,458.8357142857143,279.7163603758364,437.9316666666666
2021-02-18,451.15,3,2,18,7,0,0.0,314.45,424.55,478.36428571428576,272.6382626520071,439.09166666666664
2021-02-19,607.9499999999999,4,2,19,7,0,451.15,442.75,543.4499999999999,501.9642857142857,276.1687568533139,459.3566666666667
2021-02-20,694.8,5,2,20,7,1,607.9499999999999,583.5,629.4,517.8642857142858,284.71710040302247,467.81666666666666
2021-02-21,1183.5,6,2,21,7,1,694.8,929.5500000000001,764.35,554.1428571428571,353.7314888308308,489.43
2021-02-22,741.45,0,2,22,8,0,1183.5,485.15,465.45000000000005,590.7571428571429,358.6306147795289,494.0516666666666
2021-02-23,808.55,1,2,23,8,0,741.45,456.45,459.6,641.0571428571428,361.3355313146995,495.60833333333335
2021-02-24,0.0,2,2,24,8,0,808.55,0.0,0.0,641.0571428571428,361.3355313146995,480.9983333333333
2021-02-25,813.5,3,2,25,8,0,0.0,451.15,314.45,692.8214285714286,355.5032171175844,493.74666666666667
2021-02-26,1084.1499999999999,4,2,26,8,0,813.5,607.9499999999999,442.75,760.85,381.1900029294227,529.885
2021-02-27,1324.6499999999999,5,2,27,8,1,1084.1499999999999,694.8,583.5,850.8285714285713,433.7183695067791,560.7966666666666
2021-02-28,1867.05,6,2,28,8,1,1324.6499999999999,1183.5,929.5500000000001,948.4785714285714,575.0299701299219,605.9416666666667
2021-03-01,760.25,0,3,1,9,0,1867.05,741.45,485.15,951.1642857142857,573.9447525054752,612.245
2021-03-02,848.8,1,3,2,9,0,760.25,808.55,456.45,956.9142857142857,572.4776048853247,614.5399999999998
2021-03-03,0.0,2,3,3,9,0,848.8,0.0,0.0,956.9142857142857,572.4776048853247,603.1933333333333
2021-03-04,807.3000000000001,3,3,4,9,0,0.0,813.5,451.15,956.0285714285714,572.7412059976293,616.3916666666665
2021-03-05,915.6,4,3,5,9,0,807.3000000000001,1084.1499999999999,607.9499999999999,931.9499999999999,569.9935467470954,646.9116666666666
2021-03-06,996.7,5,3,6,9,1,915.6,1324.6499999999999,694.8,885.1000000000001,545.278319606908,665.9833333333333
2021-03-07,1244.9,6,3,7,9,1,996.7,1867.05,1183.5,796.2214285714286,385.98469513823005,689.365
2021-03-08,600.65,0,3,8,10,0,1244.9,760.25,741.45,773.4214285714286,393.11161885773913,688.4066666666666
2021-03-09,610.45,1,3,9,10,0,600.65,848.8,808.55,739.3714285714286,395.8076993704802,683.2766666666666
2021-03-10,0.0,2,3,10,10,0,610.45,0.0,0.0,739.3714285714286,395.8076993704802,667.7616666666668
2021-03-11,638.4,3,3,11,10,0,0.0,807.3000000000001,813.5,715.2428571428571,396.1245662967769,673.7216666666666
2021-03-12,702.4,4,3,12,10,0,638.4,915.6,1084.1499999999999,684.7857142857143,386.22457274911727,697.135
2021-03-13,927.8000000000001,5,3,13,10,1,702.4,996.7,1324.6499999999999,674.9428571428572,377.7353068271612,717.5799999999999
2021-03-14,1155.5,6,3,14,10,1,927.8000000000001,1244.9,1867.05,662.1714285714286,356.1474482302975,741.3383333333333
2021-03-15,618.9499999999999,0,3,15,11,0,1155.5,600.65,760.25,664.7857142857143,355.6874549309241,742.5200000000001
2021-03-16,755.45,1,3,16,11,0,618.9499999999999,610.45,848.8,685.5,356.2175049507441,736.7166666666667
2021-03-17,0.0,2,3,17,11,0,755.45,0.0,0.0,685.5,356.2175049507441,720.5450000000001
2021-03-18,486.25,3,3,18,11,0,0.0,638.4,807.3000000000001,663.7642857142857,364.1246417944065,721.5383333333334
2021-03-19,624.6,4,3,19,11,0,486.25,702.4,915.6,652.65,363.93611160935023,742.3583333333333
2021-03-20,870.7499999999999,5,3,20,11,1,624.6,927.8000000000001,996.7,644.5,357.3262025096957,756.3449999999999
2021-03-21,1098.35,6,3,21,11,1,870.7499999999999,1155.5,1244.9,636.3357142857142,344.1134317758775,772.6916666666667
2021-03-22,579.85,0,3,22,12,0,1098.35,618.9499999999999,600.65,630.75,344.7594076550584,768.86
2021-03-23,470.09999999999997,1,3,23,12,0,579.85,755.45,610.45,589.9857142857143,344.4271907993108,745.0799999999999
2021-03-24,0.0,2,3,24,12,0,470.09999999999997,0.0,0.0,589.9857142857143,344.4271907993108,720.3649999999999
2021-03-25,616.55,3,3,25,12,0,0.0,486.25,638.4,608.6,341.3941173092082,713.9649999999999
2021-03-26,665.3,4,3,26,12,0,616.55,624.6,702.4,614.4142857142857,342.0579650126152,736.1416666666667
2021-03-27,695.95,5,3,27,12,1,665.3,870.7499999999999,927.8000000000001,589.4428571428572,326.2404474062185,732.2233333333332
2021-03-28,1059.0,6,3,28,12,1,695.95,1098.35,1155.5,583.8214285714286,316.1943506468015,731.385
2021-03-29,630.7,0,3,29,13,0,1059.0,579.85,618.9499999999999,591.0857142857143,316.6716605495954,708.2533333333333
2021-03-30,707.05,1,3,30,13,0,630.7,470.09999999999997,755.45,624.9357142857143,314.23851306808047,669.5866666666666
2021-03-31,0.0,2,3,31,13,0,707.05,0.0,0.0,624.9357142857143,314.23851306808047,644.245
2021-04-01,559.05,3,4,1,13,0,0.0,616.55,486.25,616.7214285714286,315.2441763368291,634.5866666666667
2021-04-02,800.5,4,4,2,13,0,559.05,665.3,624.6,636.0357142857143,322.76842538973904,661.2700000000001
2021-04-03,1097.95,5,4,3,13,1,800.5,695.95,870.7499999999999,693.4642857142857,367.82367573141823,670.9583333333334
2021-04-04,2088.35,6,4,4,13,1,1097.95,1059.0,1098.35,840.5142857142857,641.9357987851315,710.05
2021-04-05,1032.1,0,4,5,14,0,2088.35,630.7,579.85,897.8571428571429,637.9857687993332,711.2299999999999
2021-04-06,771.0,1,4,6,14,0,1032.1,707.05,470.09999999999997,906.9928571428571,635.2501065384743,695.4333333333333
2021-04-07,0.0,2,4,7,14,0,771.0,0.0,0.0,906.9928571428571,635.2501065384743,675.4116666666666
2021-04-08,605.5,3,4,8,14,0,0.0,559.05,616.55,913.6285714285714,631.2397417365443,675.2466666666666
2021-04-09,599.8000000000001,4,4,9,14,0,605.5,800.5,665.3,884.9571428571428,641.7057493045205,695.2399999999999
2021-04-10,865.45,5,4,10,14,1,599.8000000000001,1097.95,695.95,851.7428571428571,634.8241045285506,702.8083333333333
2021-04-11,1102.35,6,4,11,14,1,865.45,2088.35,1059.0,710.8857142857142,368.04244174900737,716.1399999999999
2021-04-12,722.3,0,4,12,15,0,1102.35,1032.1,630.7,666.6285714285714,340.5809348954897,709.2900000000001
2021-04-13,765.4,1,4,13,15,0,722.3,771.0,707.05,665.8285714285714,340.3013760589562,696.2866666666666
2021-04-14,539.8,2,4,14,15,0,765.4,0.0,0.0,742.9428571428571,193.97567809000248,693.6483333333332
2021-04-15,674.25,3,4,15,15,0,539.8,605.5,559.05,752.7642857142856,187.48881236464442,690.9416666666665
2021-04-16,753.1,4,4,16,15,0,674.25,599.8000000000001,800.5,774.6642857142857,175.19374920899676,716.045
2021-04-17,950.15,5,4,17,15,1,753.1,865.45,1097.95,786.7642857142856,185.15102779957283,731.5083333333332
2021-04-18,1458.9499999999998,6,4,18,15,1,950.15,1102.35,2088.35,837.7071428571429,299.93290559247237,759.3199999999999
2021-04-19,686.8,0,4,19,16,0,1458.9499999999998,722.3,1032.1,832.6357142857142,302.49865249601504,753.1883333333333
2021-04-20,823.0,1,4,20,16,0,686.8,765.4,771.0,840.8642857142856,301.1452718571302,744.01
2021-04-21,621.45,2,4,21,16,0,823.0,539.8,0.0,852.5285714285716,288.8717663271239,745.3966666666666
2021-04-22,859.1,3,4,22,16,0,621.45,674.25,605.5,878.9357142857143,278.10668174024795,758.3633333333333
2021-04-23,721.75,4,4,23,16,0,859.1,753.1,599.8000000000001,874.4571428571428,280.7110843147149,782.4216666666667
2021-04-24,994.55,5,4,24,16,1,721.75,950.15,865.45,880.8000000000001,283.1970868494239,795.0216666666668
2021-04-25,1459.6000000000001,6,4,25,16,1,994.55,1458.9499999999998,1102.35,880.8928571428571,283.41827074216013,821.4983333333332
2021-04-26,603.75,0,4,26,17,0,1459.6000000000001,686.8,722.3,869.0285714285716,294.4221159847754,818.425
2021-04-27,533.15,1,4,27,17,0,603.75,823.0,765.4,827.6214285714286,321.1438460891825,800.8966666666668
2021-04-28,633.1,2,4,28,17,0,533.15,621.45,539.8,829.2857142857143,319.92518879977484,800.9766666666667
2021-04-29,650.0,3,4,29,17,0,633.1,859.1,674.25,799.4142857142857,326.37430417937554,799.075
2021-04-30,677.5,4,4,30,17,0,650.0,721.75,753.1,793.092857142857,328.55054079569396,821.6583333333333
2021-05-01,986.8,5,5,1,17,1,677.5,994.55,950.15,791.9857142857143,327.7706626010096,835.9166666666665
2021-05-02,1255.7,6,5,2,17,1,986.8,1459.6000000000001,1458.9499999999998,762.8571428571429,260.76312116007296,851.0899999999999
2021-05-03,762.3,0,5,3,18,0,1255.7,603.75,686.8,785.5071428571429,251.35582419578606,839.9016666666666
2021-05-04,621.35,1,5,4,18,0,762.3,533.15,823.0,798.1071428571429,238.47802908683835,791.0016666666667
2021-05-05,777.8000000000001,2,5,5,18,0,621.35,633.1,621.45,818.7785714285714,227.8246728245629,782.525
2021-05-06,625.85,3,5,6,18,0,777.8000000000001,650.0,859.1,815.3285714285714,230.9676742481924,777.6866666666666
2021-05-07,758.05,4,5,7,18,0,625.85,677.5,721.75,826.8357142857143,224.88279116443044,802.955
2021-05-08,1169.1,5,5,8,18,1,758.05,986.8,994.55,852.8785714285714,255.03015321255472,821.7416666666667
2021-05-09,1506.8999999999999,6,5,9,18,1,1169.1,1255.7,1459.6000000000001,888.7642857142856,328.3054240011449,851.9783333333334
2021-05-10,691.05,0,5,10,19,0,1506.8999999999999,762.3,603.75,878.5857142857142,333.9359241360107,846.1650000000001
2021-05-11,636.3,1,5,11,19,0,691.05,621.35,533.15,880.7214285714286,332.0590896928122,830.6299999999999
2021-05-12,977.3000000000001,2,5,12,19,0,636.3,777.8000000000001,633.1,909.2214285714286,330.31002716783996,839.1299999999999
2021-05-13,1607.5,3,5,13,19,0,977.3000000000001,625.85,650.0,1049.4571428571428,392.4834374728142,867.2
2021-05-14,1839.9,4,5,14,19,0,1607.5,758.05,677.5,1204.0071428571428,464.92676164152635,910.5366666666667
2021-05-15,2065.6,5,5,15,19,1,1839.9,1169.1,986.8,1332.0785714285714,566.1638557410917,956.9150000000001
2021-05-16,2209.0,6,5,16,19,1,2065.6,1506.8999999999999,1255.7,1432.3785714285714,657.1728716359847,1005.4449999999999
2021-05-17,0.0,0,5,17,20,0,2209.0,691.05,762.3,1333.6571428571426,819.0620628848241,973.7733333333333
2021-05-18,0.0,1,5,18,20,0,0.0,636.3,621.35,1242.7571428571428,936.275484490085,925.1416666666667
2021-05-19,0.0,2,5,19,20,0,0.0,977.3000000000001,777.8000000000001,1103.142857142857,1048.5866263009189,902.2483333333333
2021-05-20,0.0,3,5,20,20,0,0.0,1607.5,625.85,873.5,1094.7298464309206,874.815
2021-05-21,586.05,4,5,21,20,0,0.0,1839.9,758.05,694.3785714285714,1009.5137244638887,873.635
2021-05-22,1222.65,5,5,22,20,1,586.05,2065.6,1169.1,573.9571428571428,857.5178338420388,885.7533333333333
2021-05-23,1997.05,6,5,23,20,1,1222.65,2209.0,1506.8999999999999,543.6785714285714,791.3523871918788,928.2633333333332
2021-05-24,1459.1499999999999,0,5,24,21,0,1997.05,0.0,691.05,752.1285714285714,816.0650846476352,943.75
2021-05-25,759.6,1,5,25,21,0,1459.1499999999999,0.0,636.3,860.6428571428571,746.9609892918166,920.4166666666666
2021-05-26,513.95,2,5,26,21,0,759.6,0.0,977.3000000000001,934.0642857142857,669.5096692818594,917.4233333333334
2021-05-27,646.1,3,5,27,21,0,513.95,0.0,1607.5,1026.3642857142856,553.8157776691073,921.1883333333333
2021-05-28,748.05,4,5,28,21,0,646.1,586.05,1839.9,1049.5071428571428,535.428881387444,925.02
2021-05-29,963.15,5,5,29,21,1,748.05,1222.65,2065.6,1012.4357142857143,530.4029275892415,935.4583333333334
2021-05-30,1527.5,6,5,30,21,1,963.15,1997.05,2209.0,945.3571428571429,398.39109284363127,963.7916666666666
2021-05-31,703.5,0,5,31,22,0,1527.5,1459.1499999999999,0.0,837.407142857143,332.974507818756,954.3483333333334
2021-06-01,684.6999999999999,1,6,1,22,0,703.5,759.6,0.0,826.7071428571428,337.06978188075954,935.315
2021-06-02,599.65,2,6,2,22,0,684.6999999999999,513.95,0.0,838.9499999999999,325.16276180809297,929.8933333333334
2021-06-03,612.4,3,6,3,22,0,599.65,646.1,0.0,834.1357142857142,328.72391368528605,929.5949999999999
2021-06-04,860.1999999999999,4,6,4,22,0,612.4,748.05,586.05,850.1571428571427,326.5548096269234,932.3416666666667
2021-06-05,944.25,5,6,5,22,1,860.1999999999999,963.15,1222.65,847.4571428571428,325.5414239240164,942.955
2021-06-06,1369.75,6,6,6,22,1,944.25,1527.5,1997.05,824.9214285714286,271.61242125674653,963.3449999999999
2021-06-07,689.05,0,6,7,23,0,1369.75,703.5,1459.1499999999999,822.8571428571429,272.7416045584957,947.3433333333334
2021-06-08,761.3,1,6,8,23,0,689.05,684.6999999999999,759.6,833.8000000000001,267.7659301205687,922.4899999999999
2021-06-09,634.1,2,6,9,23,0,761.3,599.65,513.95,838.7214285714286,263.0196077246315,920.5916666666667
2021-06-10,600.85,3,6,10,23,0,634.1,612.4,646.1,837.0714285714286,264.70683604247745,919.41
2021-06-11,797.85,4,6,11,23,0,600.85,860.1999999999999,748.05,828.1642857142857,264.84784423369973,913.4283333333333
2021-06-12,916.1,5,6,12,23,1,797.85,944.25,963.15,824.1428571428571,262.9986936415138,890.3816666666667
2021-06-13,1472.1499999999999,6,6,13,23,1,916.1,1369.75,1527.5,838.7714285714285,298.8137698427216,878.1233333333332
2021-06-14,710.0,0,6,14,24,0,1472.1499999999999,689.05,703.5,841.7642857142856,297.1646256907183,832.9366666666666
2021-06-15,728.0,1,6,15,24,0,710.0,761.3,684.6999999999999,837.0071428571428,298.9287225919854,783.5699999999999
2021-06-16,664.3,2,6,16,24,0,728.0,634.1,599.65,841.3214285714286,295.712823610372,805.7133333333334
2021-06-17,559.95,3,6,17,24,0,664.3,600.85,612.4,835.4785714285714,301.60151532712666,824.3783333333333
2021-06-18,641.4,4,6,18,24,0,559.95,797.85,860.1999999999999,813.1285714285715,310.5196637052459,845.7583333333333
2021-06-19,934.6,5,6,19,24,1,641.4,916.1,944.25,815.7714285714285,311.6189096973294,876.9116666666666
2021-06-20,1423.9499999999998,6,6,20,24,1,934.6,1472.1499999999999,1369.75,808.8857142857142,294.775203494524,904.8416666666667
2021-06-21,722.6,0,6,21,25,0,1423.9499999999998,710.0,689.05,810.6857142857143,294.10845039753286,888.1733333333334
2021-06-22,657.85,1,6,22,25,0,722.6,728.0,761.3,800.6642857142857,298.5569483843432,843.5333333333333
2021-06-23,576.2,2,6,23,25,0,657.85,664.3,634.1,788.0785714285714,307.0010055047903,814.1016666666667
2021-06-24,776.3,3,6,24,25,0,576.2,559.95,600.85,818.9857142857143,290.6621846667331,814.6583333333333
2021-06-25,730.4499999999999,4,6,25,25,0,776.3,641.4,797.85,831.7071428571428,283.45372260237264,821.875
2021-06-26,924.4499999999999,5,6,26,25,1,730.4499999999999,934.6,916.1,830.2571428571429,282.8650022958116,831.1533333333334
2021-06-27,1611.0,6,6,27,25,1,924.4499999999999,1423.9499999999998,1472.1499999999999,856.9785714285715,349.3244943901765,859.9183333333334
2021-06-28,685.7,0,6,28,26,0,1611.0,722.6,710.0,851.7071428571428,351.9587682155533,850.67
2021-06-29,670.3,1,6,29,26,0,685.7,657.85,728.0,853.4857142857144,350.845565163988,822.0966666666667
2021-06-30,650.85,2,6,30,26,0,670.3,576.2,664.3,864.1499999999999,342.03641131707997,820.3416666666667
2021-07-01,742.65,3,7,1,26,0,650.85,776.3,559.95,859.3428571428573,343.7092538621505,822.2733333333333
2021-07-02,735.9499999999999,4,7,2,26,0,742.65,730.4499999999999,641.4,860.1285714285714,343.371619455684,826.8166666666667
2021-07-03,1073.5,5,7,3,26,1,735.9499999999999,924.4499999999999,934.6,881.4214285714286,352.52442806272654,842.1866666666666
2021-07-04,1475.15,6,7,4,26,1,1073.5,1611.0,1423.9499999999998,862.0142857142857,306.3856770399657,862.685
2021-07-05,891.35,0,7,5,27,0,1475.15,685.7,722.6,891.3928571428571,296.35711907057276,860.9216666666666
2021-07-06,881.95,1,7,6,27,0,891.35,670.3,657.85,921.6285714285714,280.40832705351767,844.6616666666666
2021-07-07,910.4,2,7,7,27,0,881.95,650.85,576.2,958.7071428571429,254.60894267577558,852.0400000000001
2021-07-08,874.25,3,7,8,27,0,910.4,742.65,776.3,977.5071428571429,240.4622361698604,855.8050000000001
2021-07-09,1057.5,4,7,9,27,0,874.25,735.9499999999999,730.4499999999999,1023.4428571428572,216.10602997250317,869.9183333333333
2021-07-10,1430.95,5,7,10,27,1,1057.5,1073.5,924.4499999999999,1074.507142857143,266.30631552870943,897.5883333333334
2021-07-11,2071.9,6,7,11,27,1,1430.95,1475.15,1611.0,1159.7571428571428,448.8725129222587,940.0566666666667
2021-07-12,1380.55,0,7,12,28,0,2071.9,891.35,685.7,1229.642857142857,438.071188496204,955.5383333333333
2021-07-13,1264.8,1,7,13,28,0,1380.55,881.95,670.3,1284.3357142857144,410.45599410319096,948.6266666666668
2021-07-14,1884.65,2,7,14,28,0,1264.8,910.4,650.85,1423.5142857142857,427.3560846591972,987.7816666666666
2021-07-15,1507.85,3,7,15,28,0,1884.65,874.25,742.65,1514.0285714285715,352.1057474409547,1013.7766666666668
2021-07-16,1337.1,4,7,16,28,0,1507.85,1057.5,735.9499999999999,1553.9714285714285,304.29922343140055,1036.2033333333334
2021-07-17,1815.8999999999999,5,7,17,28,1,1337.1,1430.95,1073.5,1608.9642857142856,313.0204755207544,1078.0683333333334
2021-07-18,1816.35,6,7,18,28,1,1815.8999999999999,2071.9,1475.15,1572.4571428571428,260.53178537460116,1117.2333333333333
2021-07-19,1338.95,0,7,19,29,0,1816.35,1380.55,891.35,1566.5142857142857,266.05478087899957,1130.7116666666666
2021-07-20,1344.1499999999999,1,7,20,29,0,1338.95,1264.8,881.95,1577.85,252.3970928913427,1128.0516666666667
2021-07-21,1316.35,2,7,21,29,0,1344.1499999999999,1884.65,910.4,1496.6642857142856,227.42908182971166,1147.8433333333335
2021-07-22,1315.7,3,7,22,29,0,1316.35,1507.85,874.25,1469.2142857142856,237.23840279749322,1169.7716666666665
2021-07-23,1521.05,4,7,23,29,0,1315.7,1337.1,1057.5,1495.4928571428572,230.25028850610323,1201.2666666666667
2021-07-24,1690.25,5,7,24,29,1,1521.05,1815.8999999999999,1430.95,1477.5428571428572,204.57490972862993,1231.7316666666666
2021-07-25,1917.85,6,7,25,29,1,1690.25,1816.35,2071.9,1492.042857142857,234.06327924404786,1271.3116666666667
2021-07-26,1477.8,0,7,26,30,0,1917.85,1338.95,1380.55,1511.8785714285714,224.62003446031557,1289.756666666667
2021-07-27,1306.9,1,7,27,30,0,1477.8,1344.1499999999999,1264.8,1506.5571428571427,229.64105220352872,1279.62
2021-07-28,1334.3,2,7,28,30,0,1306.9,1316.35,1884.65,1509.1214285714284,227.25089449245297,1301.24
2021-07-29,1306.15,3,7,29,30,0,1334.3,1315.7,1507.85,1507.757142857143,228.63010050547544,1322.4350000000002
2021-07-30,1403.2,4,7,30,30,0,1306.15,1521.05,1337.1,1490.9214285714284,231.80514240978334,1347.5133333333333
2021-07-31,1776.05,5,7,31,30,1,1403.2,1690.25,1815.8999999999999,1503.1785714285713,245.93918770220404,1381.96
2021-08-01,1869.5,6,8,1,30,1,1776.05,1917.85,1816.35,1496.2714285714287,232.67342610252382,1419.745
2021-08-02,1398.95,0,8,2,31,0,1869.5,1477.8,1338.95,1485.0071428571428,235.60688202415423,1430.5933333333332
2021-08-03,1644.1000000000001,1,8,3,31,0,1398.95,1306.9,1344.1499999999999,1533.1785714285713,227.45277688849333,1436.2249999999997
2021-08-04,1346.3,2,8,4,31,0,1644.1000000000001,1334.3,1316.35,1534.892857142857,225.742824597248,1451.3899999999999
2021-08-05,1484.6499999999999,3,8,5,31,0,1346.3,1306.15,1315.7,1560.392857142857,204.6982483001356,1471.48
2021-08-06,1307.3,4,8,6,31,0,1484.6499999999999,1403.2,1521.05,1546.6928571428573,219.63636885500222,1484.7099999999998
2021-08-07,1844.8,5,8,7,31,1,1307.3,1776.05,1690.25,1556.5142857142855,232.74762926520333,1517.0616666666667
2021-08-08,2276.15,6,8,8,31,1,1844.8,1869.5,1917.85,1614.607142857143,346.7277503418845,1557.6833333333334
2021-08-09,1803.75,0,8,9,32,0,2276.15,1398.95,1477.8,1672.435714285714,338.42251909199683,1570.1100000000001
2021-08-10,1544.1,1,8,10,32,0,1803.75,1644.1000000000001,1306.9,1658.1499999999999,341.91065597121735,1552.5166666666667
2021-08-11,1785.6499999999999,2,8,11,32,0,1544.1,1346.3,1334.3,1720.9142857142856,314.3373237387502,1566.02
2021-08-12,1818.0,3,8,12,32,0,1785.6499999999999,1484.6499999999999,1306.15,1768.535714285714,297.37124344592115,1584.46
2021-08-13,1518.15,4,8,13,32,0,1818.0,1307.3,1403.2,1798.6571428571428,249.7270033265889,1572.2433333333333
2021-08-14,1984.8999999999999,5,8,14,32,1,1518.15,1844.8,1776.05,1818.6714285714286,259.4656991735537,1588.145
2021-08-15,2590.0,6,8,15,32,1,1984.8999999999999,2276.15,1869.5,1863.5071428571428,359.519152744994,1629.9083333333333
2021-08-16,1649.6,0,8,16,33,0,2590.0,1803.75,1398.95,1841.485714285714,368.4007947809562,1624.3650000000002
2021-08-17,1351.95,1,8,17,33,0,1649.6,1544.1,1644.1000000000001,1814.0357142857142,400.05151930125203,1608.885
2021-08-18,1569.55,2,8,18,33,0,1351.95,1785.6499999999999,1346.3,1783.1642857142858,410.8007441918445,1616.5716666666667
2021-08-19,1473.3999999999999,3,8,19,33,0,1569.55,1818.0,1484.6499999999999,1733.9357142857145,426.2862357171604,1620.8799999999999
2021-08-20,1300.65,4,8,20,33,0,1473.3999999999999,1518.15,1307.3,1702.8642857142856,451.7991309884364,1620.3566666666666
2021-08-21,1809.65,5,8,21,33,1,1300.65,1984.8999999999999,1844.8,1677.8285714285714,438.2172718879915,1636.8216666666667
2021-08-22,1963.05,6,8,22,33,1,1809.65,2590.0,2276.15,1588.2642857142855,239.91265201160044,1651.555
2021-08-23,1335.7,0,8,23,34,0,1963.05,1649.6,1803.75,1543.4214285714286,255.3752008600028,1639.7366666666667
2021-08-24,1333.1499999999999,1,8,24,34,0,1335.7,1351.95,1544.1,1540.7357142857143,257.8116992339677,1620.2466666666667
2021-08-25,1182.25,2,8,25,34,0,1333.1499999999999,1569.55,1785.6499999999999,1485.4071428571426,290.1304942443608,1610.395
2021-08-26,1420.05,3,8,26,34,0,1182.25,1473.3999999999999,1818.0,1477.7857142857142,291.19724230935344,1614.1666666666667
2021-08-27,1162.6,4,8,27,34,0,1420.05,1300.65,1518.15,1458.0642857142855,309.30498260116275,1608.4433333333334
2021-08-28,1411.25,5,8,28,34,1,1162.6,1809.65,1984.8999999999999,1401.1499999999999,267.6819770424111,1611.9466666666667
2021-08-29,1735.65,6,8,29,34,1,1411.25,1963.05,2590.0,1368.6642857142856,190.91587744843343,1623.0283333333332
2021-08-30,954.9,0,8,30,35,0,1735.65,1335.7,1649.6,1314.2642857142855,247.68661435081978,1595.6566666666665
2021-08-31,810.65,1,8,31,35,0,954.9,1333.1499999999999,1351.95,1239.6214285714284,311.5450045835311,1560.3616666666667
2021-09-01,726.9,2,9,1,35,0,810.65,1182.25,1569.55,1174.5714285714287,367.95221707121004,1537.96
2021-09-02,768.9,3,9,2,35,0,726.9,1420.05,1473.3999999999999,1081.55,377.7282268156998,1508.7866666666669
2021-09-03,829.6,4,9,3,35,0,768.9,1162.6,1300.65,1033.9785714285713,386.68249126074784,1491.5633333333333
2021-09-04,1029.45,5,9,4,35,1,829.6,1411.25,1809.65,979.4357142857142,349.7623975814207,1476.3899999999999
2021-09-05,1367.4,6,9,5,35,1,1029.45,1735.65,1963.05,926.8285714285714,221.09050533122831,1478.3933333333334
2021-09-06,708.75,0,9,6,36,0,1367.4,954.9,1335.7,891.6642857142857,235.01795625420513,1440.525
2021-09-07,683.05,1,9,7,36,0,708.75,810.65,1333.1499999999999,873.4357142857143,246.99233408192399,1387.4216666666666
2021-09-08,775.9,2,9,8,36,0,683.05,726.9,1182.25,880.4357142857143,242.80608812089147,1353.1599999999999
2021-09-09,735.1,3,9,9,36,0,775.9,768.9,1420.05,875.6071428571429,245.71251058328616,1326.1933333333334
2021-09-10,800.4,4,9,10,36,0,735.1,829.6,1162.6,871.4357142857143,246.86888509605674,1293.3516666666665
2021-09-11,927.65,5,9,11,36,1,800.4,1029.45,1411.25,856.8928571428571,238.87812343775107,1263.6733333333332
2021-09-12,1339.15,6,9,12,36,1,927.65,1367.4,1735.65,852.8571428571429,228.8438139659334,1257.7066666666665
2021-09-13,702.6,0,9,13,37,0,1339.15,708.75,954.9,851.9785714285715,229.50013953725082,1214.9633333333334
2021-09-14,665.25,1,9,14,37,0,702.6,683.05,810.65,849.4357142857143,231.7711941302671,1150.805
2021-09-15,633.3,2,9,15,37,0,665.25,775.9,726.9,829.0642857142857,245.19023178320796,1116.9283333333333
2021-09-16,577.25,3,9,16,37,0,633.3,735.1,768.9,806.5142857142856,261.95773468615727,1091.105
2021-09-17,629.25,4,9,17,37,0,577.25,800.4,829.6,782.0642857142857,270.47235027245034,1059.7616666666668
2021-09-18,876.25,5,9,18,37,1,629.25,927.65,1029.45,774.7214285714284,266.5301981907816,1039.8566666666668
2021-09-19,1014.2,6,9,19,37,1,876.25,1339.15,1367.4,728.3000000000001,158.0695047544954,1030.3083333333334
2021-09-20,699.45,0,9,20,38,0,1014.2,702.6,708.75,727.85,158.15932104473464,993.3016666666666
2021-09-21,720.95,1,9,21,38,0,699.45,665.25,683.05,735.8071428571428,155.86952991890686,951.8983333333333
2021-09-22,116.0,2,9,22,38,0,720.95,633.3,775.9,661.907142857143,283.1950364862952,911.2416666666667
2021-09-23,585.65,3,9,23,38,0,116.0,577.25,735.1,663.1071428571429,282.79403934749763,886.325
2021-09-24,750.8,4,9,24,38,0,585.65,629.25,800.4,680.4714285714286,284.0973759956557,871.9433333333333
2021-09-25,857.3,5,9,25,38,1,750.8,876.25,927.65,677.7642857142857,282.00345995850716,853.185
2021-09-26,1078.25,6,9,26,38,1,857.3,1014.2,1339.15,686.9142857142857,295.4571228259176,850.3733333333333
2021-09-27,509.4,0,9,27,39,0,1078.25,699.45,702.6,659.7642857142857,302.755068378003,820.3116666666667
2021-09-28,526.6,1,9,28,39,0,509.4,720.95,665.25,632.0,305.1111368556236,780.01
2021-09-29,538.9,2,9,29,39,0,526.6,116.0,633.3,692.4142857142857,214.25033783381235,766.1433333333334
2021-09-30,555.15,3,9,30,39,0,538.9,585.65,577.25,688.0571428571429,217.07495715491336,757.6266666666667
2021-10-01,641.25,4,10,1,39,0,555.15,750.8,629.25,672.407142857143,215.74251904482668,754.7716666666666
2021-10-02,638.1,5,10,2,39,1,641.25,857.3,876.25,641.092857142857,199.74839471313393,750.4116666666667
2021-10-03,925.8,6,10,3,39,1,638.1,1078.25,1014.2,619.3142857142857,144.92996789910558,753.6183333333333
2021-10-04,578.1,0,10,4,40,0,925.8,509.4,699.45,629.1285714285714,138.42651437116407,738.5733333333334
2021-10-05,530.6,1,10,5,40,0,578.1,526.6,720.95,629.6999999999999,137.94013496198647,710.6800000000001
2021-10-06,562.2,2,10,6,40,0,530.6,538.9,116.0,633.0285714285714,135.64594802014338,705.795
2021-10-07,608.05,3,10,7,40,0,562.2,555.15,585.65,640.5857142857143,132.0088529679071,703.2950000000001
2021-10-08,752.6999999999999,4,10,8,40,0,608.05,641.25,750.8,656.5071428571429,138.65590030890857,702.5216666666666
2021-10-09,932.9,5,10,9,40,1,752.6999999999999,638.1,857.3,698.6214285714285,172.71925644703603,709.115
2021-10-10,1079.8,6,10,10,40,1,932.9,925.8,1078.25,720.6214285714286,211.85319181204332,718.4283333333333
2021-10-11,506.5,0,10,11,41,0,1079.8,578.1,509.4,710.3928571428571,221.39478770695467,704.39
2021-10-12,393.0,1,10,12,41,0,506.5,530.6,526.6,690.7357142857143,244.88155081297847,672.8516666666667
2021-10-13,469.7,2,10,13,41,0,393.0,562.2,538.9,677.5214285714285,255.2498381604781,665.0883333333334
2021-10-14,516.7,3,10,14,41,0,469.7,608.05,555.15,664.4714285714286,261.64862388506884,660.1366666666668
2021-10-15,484.3,4,10,15,41,0,516.7,752.6999999999999,641.25,626.1285714285714,266.19111376531106,655.17
2021-10-16,709.3,5,10,16,41,1,484.3,932.9,638.1,594.1857142857142,234.8093583354428,659.5716666666666
2021-10-17,1008.8,6,10,17,41,1,709.3,1079.8,925.8,584.0428571428572,210.62456217277648,672.2233333333332
2021-10-18,415.1,0,10,18,42,0,1008.8,506.5,578.1,570.9857142857143,218.9031782057286,656.8516666666667
2021-10-19,566.2,1,10,19,42,0,415.1,393.0,530.6,595.7285714285715,204.76414655472118,641.9183333333334
2021-10-20,525.9,2,10,20,42,0,566.2,469.7,562.2,603.7571428571429,200.04656005658742,636.1333333333333
2021-10-21,618.75,3,10,21,42,0,525.9,516.7,608.05,618.3357142857143,196.3287436806842,632.7266666666667
2021-10-22,622.75,4,10,22,42,0,618.75,484.3,752.6999999999999,638.1142857142856,187.34345623809725,649.6183333333333
2021-10-23,849.6999999999999,5,10,23,42,1,622.75,709.3,932.9,658.1714285714286,203.08885956878632,658.42
2021-10-24,1245.95,6,10,24,42,1,849.6999999999999,1008.8,1079.8,692.0500000000001,277.4825700231721,674.925
2021-10-25,662.95,0,10,25,43,0,1245.95,415.1,506.5,727.4571428571429,250.78187970918924,668.4466666666667
2021-10-26,795.0,1,10,26,43,0,662.95,566.2,393.0,760.1428571428571,240.9802852042902,659.005
2021-10-27,798.6,2,10,27,43,0,795.0,525.9,469.7,799.1,217.7210026616594,668.645
2021-10-28,725.0,3,10,28,43,0,798.6,618.75,516.7,814.2785714285714,206.46491803924158,675.2583333333333
2021-10-29,913.35,4,10,29,43,0,725.0,622.75,484.3,855.7928571428572,190.10281303496808,687.7399999999999
2021-10-30,1134.8,5,10,30,43,1,913.35,849.6999999999999,709.3,896.5214285714286,217.19063219734952,707.0616666666667
2021-10-31,1492.5,6,10,31,43,1,1134.8,1245.95,1008.8,931.7428571428572,290.8140620576573,735.4366666666667
2021-11-01,1372.3,0,11,1,44,0,1492.5,662.95,415.1,1033.0785714285714,304.79376067698325,759.91
2021-11-02,857.25,1,11,2,44,0,1372.3,795.0,566.2,1041.9714285714285,297.5108175304189,757.625
2021-11-03,780.55,2,11,3,44,0,857.25,798.6,525.9,1039.392857142857,300.0391883134746,764.3733333333333
2021-11-04,751.3,3,11,4,44,0,780.55,725.0,618.75,1043.15,295.57765477112633,771.7299999999999
2021-11-05,819.5,4,11,5,44,0,751.3,913.35,622.75,1029.742857142857,304.44209141281465,780.3066666666667
2021-11-06,831.55,5,11,6,44,1,819.5,1134.8,849.6999999999999,986.4214285714286,308.5493219043237,787.7566666666665
2021-11-07,761.6,6,11,7,44,1,831.55,1492.5,1245.95,882.0071428571428,219.59388923755296,788.0533333333334
2021-11-08,594.85,0,11,8,45,0,761.6,1372.3,662.95,770.9428571428572,86.65455089303879,776.785
2021-11-09,631.65,1,11,9,45,0,594.85,857.25,795.0,738.7142857142857,91.04658017686711,761.8466666666667
2021-11-10,574.5,2,11,10,45,0,631.65,780.55,798.6,709.2785714285714,107.15079272198685,764.1133333333333
2021-11-11,728.65,3,11,11,45,0,574.5,751.3,725.0,706.0428571428572,106.00622398617601,775.3016666666666
2021-11-12,559.85,4,11,12,45,0,728.65,819.5,913.35,668.9499999999999,105.11310178405121,778.3066666666667
2021-11-13,654.9,5,11,13,45,1,559.85,831.55,1134.8,643.7142857142857,77.02092634625758,782.9133333333333
2021-11-14,863.55,6,11,14,45,1,654.9,761.6,1492.5,658.2785714285714,106.87937849565108,795.5550000000001
2021-11-15,452.3,0,11,15,46,0,863.55,594.85,1372.3,637.9142857142857,131.68160373378763,786.9883333333333
2021-11-16,439.75,1,11,16,46,0,452.3,631.65,857.25,610.5,151.66262448825043,768.0200000000001
2021-11-17,0.0,2,11,17,46,0,439.75,574.5,780.55,528.4285714285714,277.5708691144469,754.1833333333333
2021-11-18,452.25,3,11,18,46,0,0.0,728.65,751.3,488.9428571428572,263.65198878535523,750.385
2021-11-19,526.85,4,11,19,46,0,452.25,559.85,819.5,484.2285714285714,262.465167303427,750.4166666666666
2021-11-20,591.6,5,11,20,46,1,526.85,654.9,831.55,475.18571428571425,256.63049265802687,749.5116666666668
2021-11-21,720.35,6,11,21,46,1,591.6,863.55,761.6,454.72857142857146,224.16679217556393,752.765
2021-11-22,453.65,0,11,22,47,0,720.35,452.3,594.85,454.9214285714285,224.16493529158942,739.5633333333334
2021-11-23,457.65,1,11,23,47,0,453.65,439.75,631.65,457.4785714285714,224.0650981618567,713.2866666666666
2021-11-24,0.0,2,11,24,47,0,457.65,0.0,574.5,457.4785714285714,224.06509816185667,691.1883333333333
2021-11-25,467.8,3,11,25,47,0,0.0,452.25,728.65,459.7,224.08170384928076,680.2816666666665
2021-11-26,434.8,4,11,26,47,0,467.8,526.85,559.85,446.55,222.17714028824696,668.1550000000001
2021-11-27,532.0,5,11,27,47,1,434.8,591.6,654.9,438.0357142857143,216.76824743313944,661.7216666666667
2021-11-28,798.8,6,11,28,47,1,532.0,720.35,863.55,449.24285714285713,235.053593939353,657.9033333333334
2021-11-29,404.7,0,11,29,48,0,798.8,453.65,452.3,442.25,235.62805966182526,633.5666666666667
2021-11-30,529.05,1,11,30,48,0,404.7,457.65,439.75,452.44999999999993,237.9398716062458,601.4516666666666
2021-12-01,0.0,2,12,1,48,0,529.05,0.0,0.0,452.44999999999993,237.9398716062458,555.7083333333334
2021-12-02,417.55,3,12,2,48,0,0.0,467.8,452.25,445.27142857142854,238.15749665774203,541.0516666666666
2021-12-03,451.45,4,12,3,48,0,417.55,434.8,526.85,447.65000000000003,238.11862589893445,530.0816666666666
2021-12-04,478.45,5,12,4,48,1,451.45,532.0,591.6,440.0,235.80604317955186,520.9866666666667
2021-12-05,783.4,6,12,5,48,1,478.45,798.8,720.35,437.7999999999999,231.9407898580943,519.7833333333333
2021-12-06,0.0,0,12,6,49,0,783.4,404.7,453.65,379.9857142857142,285.76067159174977,492.06499999999994
2021-12-07,0.0,1,12,7,49,0,0.0,529.05,457.65,304.4071428571428,308.7985068894261,466.67833333333334
2021-12-08,0.0,2,12,8,49,0,0.0,0.0,0.0,304.4071428571428,308.7985068894261,446.85
2021-12-09,376.2,3,12,9,49,0,0.0,417.55,467.8,298.5,306.6615275837451,438.33500000000004
2021-12-10,458.8,4,12,10,49,0,376.2,451.45,434.8,299.55,307.28445697756354,434.47833333333335
2021-12-11,583.95,5,12,11,49,1,458.8,478.45,532.0,314.62142857142857,319.85166856051967,429.655
2021-12-12,775.7,6,12,12,49,1,583.95,783.4,798.8,313.5214285714286,317.97855516939376,436.85
2021-12-13,488.25,0,12,13,50,0,775.7,0.0,404.7,383.2714285714286,290.06927887595316,431.29499999999996
2021-12-14,469.85,1,12,14,50,0,488.25,0.0,529.05,450.39285714285717,235.9035739247562,418.1716666666667
2021-12-15,0.0,2,12,15,50,0,469.85,0.0,0.0,450.39285714285717,235.9035739247562,403.095
2021-12-16,500.1,3,12,16,50,0,0.0,376.2,417.55,468.0928571428572,234.0499117506199,405.1066666666667
2021-12-17,568.5,4,12,17,50,0,500.1,458.8,451.45,483.7642857142858,236.97828612603928,424.0566666666667
2021-12-18,647.9,5,12,18,50,1,568.5,583.95,478.45,492.90000000000003,242.64905213084364,430.5783333333333
2021-12-19,819.9,6,12,19,50,1,647.9,775.7,783.4,499.2142857142857,251.6430817551617,440.34666666666664
2021-12-20,603.65,0,12,20,51,0,819.9,488.25,0.0,515.7,254.5681293877868,440.74833333333333
2021-12-21,655.5,1,12,21,51,0,603.65,469.85,0.0,542.2214285714286,258.633495280386,438.5866666666667
2021-12-22,578.8,2,12,22,51,0,655.5,0.0,0.0,624.907142857143,100.68360686066819,442.7583333333333
2021-12-23,770.55,3,12,23,51,0,578.8,500.1,376.2,663.5428571428571,96.61704658326991,453.18833333333333
2021-12-24,1824.4,4,12,24,51,0,770.55,568.5,458.8,842.9571428571428,441.4443872378579,514.0016666666667
2021-12-25,992.4,5,12,25,51,1,1824.4,647.9,583.95,892.1714285714286,435.2337378324635,531.4883333333333
2021-12-26,1115.0,6,12,26,51,1,992.4,819.9,775.7,934.3285714285713,441.3160770705629,554.1616666666666
2021-12-27,751.55,0,12,27,52,0,1115.0,603.65,488.25,955.4571428571428,426.1247963024544,561.48
2021-12-28,792.4,1,12,28,52,0,751.55,655.5,469.85,975.0142857142857,413.0032331534911,561.2666666666667
2021-12-29,704.75,2,12,29,52,0,792.4,578.8,0.0,993.0071428571429,395.2258525499166,571.2683333333333
2021-12-30,820.85,3,12,30,52,0,704.75,770.55,500.1,1000.1928571428572,390.9412375159151,580.9950000000001
2021-12-31,1621.3,4,12,31,52,0,820.85,1824.4,568.5,971.1785714285714,320.8255430099321,635.0383333333334
2022-01-01,0.0,5,1,1,52,1,1621.3,992.4,647.9,829.407142857143,486.4184887424351,621.1200000000001
2022-01-02,1652.95,6,1,2,52,1,0.0,1115.0,819.9,906.2571428571429,573.7211542702094,661.1700000000001
2022-01-03,715.5,0,1,3,1,0,1652.95,751.55,603.65,901.1071428571429,575.5003775183887,669.0716666666667
2022-01-04,127.65,1,1,4,1,0,715.5,792.4,655.5,806.1428571428571,646.8507436215929,647.2133333333333
2022-01-05,0.0,2,1,5,1,0,127.65,704.75,578.8,705.4642857142857,716.3713979228252,647.2133333333333
2022-01-06,584.35,3,1,6,1,0,0.0,820.85,770.55,671.6785714285714,715.599092169829,666.6916666666667
2022-01-07,526.1,4,1,7,1,0,584.35,1621.3,1824.4,515.2214285714286,580.3092227835227,684.2283333333332
2022-01-08,637.95,5,1,8,1,1,526.1,0.0,992.4,606.3571428571429,534.1694358445396,692.9533333333334
2022-01-09,877.05,6,1,9,1,1,637.95,1652.95,1115.0,495.5142857142858,317.2635493748089,706.895
2022-01-10,458.0,0,1,10,2,0,877.05,715.5,751.55,458.72857142857146,302.07014756115166,702.6966666666667
2022-01-11,473.25,1,1,11,2,0,458.0,127.65,792.4,508.1,264.89410777389975,692.615
2022-01-12,0.0,2,1,12,2,0,473.25,0.0,704.75,508.1,264.89410777389975,676.34
2022-01-13,406.95,3,1,13,2,0,0.0,584.35,820.85,482.75714285714287,264.8693914437954,674.2433333333333
2022-01-14,568.8,4,1,14,2,0,406.95,526.1,1621.3,488.85714285714283,266.5205017576319,693.2033333333333
2022-01-15,564.65,5,1,15,2,1,568.8,637.95,0.0,478.38571428571424,261.0706764369278,695.355
2022-01-16,827.55,6,1,16,2,1,564.65,877.05,1652.95,471.3142857142857,248.85733482305687,703.99
2022-01-17,548.75,0,1,17,3,0,827.55,458.0,715.5,484.2785714285714,250.40711827132503,700.685
2022-01-18,452.65,1,1,18,3,0,548.75,473.25,127.65,481.33571428571423,250.67923181209434,688.4433333333333
2022-01-19,0.0,2,1,19,3,0,452.65,0.0,0.0,481.33571428571423,250.67923181209434,668.3216666666666
2022-01-20,514.3000000000001,3,1,20,3,0,0.0,406.95,584.35,496.6714285714285,248.64552555988095,663.615
2022-01-21,520.8,4,1,21,3,0,514.3000000000001,568.8,526.1,489.8142857142857,246.98113914879227,661.6816666666667
2022-01-22,553.95,5,1,22,3,1,520.8,564.65,637.95,488.2857142857143,246.47337536111635,654.4616666666667
2022-01-23,874.4,6,1,23,3,1,553.95,827.55,877.05,494.9785714285714,257.6060216317728,622.795
2022-01-24,477.8,0,1,24,4,0,874.4,548.75,458.0,484.84285714285716,256.53127884101485,605.6416666666667
2022-01-25,505.5,1,1,25,4,0,477.8,452.65,473.25,492.39285714285717,256.20340296427213,585.325
2022-01-26,0.0,2,1,26,4,0,505.5,0.0,0.0,492.39285714285717,256.20340296427213,560.2733333333332
2022-01-27,619.85,3,1,27,4,0,0.0,514.3000000000001,406.95,507.4714285714286,260.7728766844489,554.5216666666668
2022-01-28,487.55,4,1,28,4,0,619.85,520.8,568.8,502.7214285714286,260.79245716523855,547.2816666666666
2022-01-29,539.3,5,1,29,4,1,487.55,553.95,564.65,500.62857142857143,260.371273148459,537.8966666666666
2022-01-30,747.55,6,1,30,4,1,539.3,874.4,827.55,482.50714285714287,232.99699824348204,508.77166666666665
2022-01-31,422.55,0,1,31,5,0,747.55,477.8,548.75,474.6142857142857,234.11614943990597,522.8566666666667
2022-02-01,403.85,1,2,1,5,0,422.55,505.5,452.65,460.0928571428571,235.03183548292583,481.22
2022-02-02,0.0,2,2,2,5,0,403.85,0.0,0.0,460.0928571428571,235.03183548292583,457.37
2022-02-03,480.65000000000003,3,2,3,5,0,0.0,619.85,514.3000000000001,440.20714285714286,224.93404297809846,469.13666666666666
2022-02-04,498.75,4,2,4,5,0,480.65000000000003,487.55,520.8,441.8071428571428,225.36634699337816,485.76166666666666
2022-02-05,572.35,5,2,5,5,1,498.75,539.3,553.95,446.5285714285714,228.07910882180613,485.3616666666667
2022-02-06,804.6,6,2,6,5,1,572.35,747.55,874.4,454.67857142857144,241.26637052771358,494.64500000000004
2022-02-07,547.95,0,2,7,6,0,804.6,422.55,477.8,472.59285714285716,243.13152549694823,491.6449999999999
2022-02-08,585.8,1,2,8,6,0,547.95,403.85,505.5,498.58571428571435,244.28074987993188,481.93666666666667
2022-02-09,0.0,2,2,9,6,0,585.8,0.0,0.0,498.58571428571435,244.28074987993188,466.67
2022-02-10,519.05,3,2,10,6,0,0.0,480.65000000000003,619.85,504.07142857142856,244.24200917863442,468.19666666666666
2022-02-11,605.5,4,2,11,6,0,519.05,498.75,487.55,519.3214285714286,247.1694608582329,488.38
2022-02-12,701.1999999999999,5,2,12,6,1,605.5,572.35,539.3,537.7285714285714,256.40218384590565,498.18833333333333
2022-02-13,981.8,6,2,13,6,1,701.1999999999999,804.6,747.55,563.0428571428571,293.242181522043,511.955
2022-02-14,649.85,0,2,14,7,0,981.8,547.95,422.55,577.6,294.8926852828511,514.795
2022-02-15,849.35,1,2,15,7,0,649.85,585.8,403.85,615.25,312.41754645559007,515.5216666666668
2022-02-16,0.0,2,2,16,7,0,849.35,0.0,0.0,615.25,312.41754645559007,497.2300000000001
2022-02-17,765.25,3,2,17,7,0,0.0,519.05,480.65000000000003,650.4214285714286,313.6385112104113,507.65
2022-02-18,828.05,4,2,18,7,0,765.25,605.5,498.75,682.2142857142857,319.54998789219576,535.2516666666667
2022-02-19,913.5500000000001,5,2,19,7,1,828.05,701.1999999999999,572.35,712.5500000000001,331.5084551460658,548.56
2022-02-20,1194.35,6,2,20,7,1,913.5500000000001,981.8,804.6,742.9142857142857,368.0056348235753,571.0116666666668
2022-02-21,593.45,0,2,21,8,0,1194.35,649.85,547.95,734.8571428571429,370.9881112521991,572.3283333333333
2022-02-22,621.3,1,2,22,8,0,593.45,849.35,585.8,702.2785714285716,369.2673239641125,563.8916666666667
2022-02-23,0.0,2,2,23,8,0,621.3,0.0,0.0,702.2785714285716,369.2673239641125,547.965
2022-02-24,729.45,3,2,24,8,0,0.0,765.25,519.05,697.1642857142858,368.49693204770267,555.43
2022-02-25,839.0,4,2,25,8,0,729.45,828.05,605.5,698.7285714285715,369.16778125167355,583.3966666666666
2022-02-26,930.75,5,2,26,8,1,839.0,913.5500000000001,701.1999999999999,701.1857142857143,370.88914304488503,593.76
2022-02-27,1376.1,6,2,27,8,1,930.75,1194.35,981.8,727.15,414.91601760677366,623.3783333333334
2022-02-28,635.55,0,2,28,9,0,1376.1,593.45,649.85,733.1642857142857,412.95550175360216,626.5866666666666
2022-03-01,809.5,1,3,1,9,0,635.55,621.3,849.35,760.0500000000001,410.57827308971343,628.6516666666666
2022-03-02,595.65,2,3,2,9,0,809.5,0.0,0.0,845.1428571428571,261.4424433608179,634.4216666666667
2022-03-03,610.53,3,3,3,9,0,595.65,729.45,765.25,828.1542857142857,273.7854944329648,641.311
2022-03-04,692.5,4,3,4,9,0,610.53,839.0,828.05,807.2257142857143,278.3790586506755,664.3943333333334
2022-03-05,904.8,5,3,5,9,1,692.5,930.75,913.5500000000001,803.5185714285715,276.6272141004036,678.5326666666666
2022-03-06,1197.73,6,3,6,9,1,904.8,1376.1,1194.35,778.0371428571428,216.85007460718322,701.832
2022-03-07,700.1,0,3,7,10,0,1197.73,635.55,593.45,787.2585714285715,211.07664417050935,706.0903333333334
2022-03-08,603.55,1,3,8,10,0,700.1,809.5,621.3,757.8371428571428,221.55319644983882,699.3886666666666
2022-03-09,427.65,2,3,9,10,0,603.55,595.65,0.0,733.8371428571428,249.39987742005968,695.3786666666666
2022-03-10,417.2,3,3,10,10,0,427.65,610.53,729.45,706.2185714285714,274.7473759309636,689.7586666666666
2022-03-11,460.7,4,3,11,10,0,417.2,692.5,839.0,673.1042857142858,290.2102691071352,705.1153333333333
2022-03-12,510.55,5,3,12,10,1,460.7,904.8,930.75,616.7828571428571,275.6411526915755,704.832
2022-03-13,947.55,6,3,13,10,1,510.55,1197.73,1376.1,581.0428571428572,190.97737961289278,716.2336666666666
2022-03-14,572.5,0,3,14,11,0,947.55,700.1,635.55,562.8142857142857,183.66934446236658,711.9436666666666
2022-03-15,476.2,1,3,15,11,0,572.5,603.55,809.5,544.6214285714285,185.26213153515667,695.0903333333333
2022-03-16,389.7,2,3,16,11,0,476.2,427.65,595.65,539.1999999999999,189.7563942708228,686.4186666666667
2022-03-17,503.35,3,3,17,11,0,389.7,417.2,610.53,551.5071428571429,183.20566637108558,674.8853333333333
2022-03-18,471.15,4,3,18,11,0,503.35,460.7,692.5,553.0,182.38312696079464,690.5903333333333
2022-03-19,632.1,5,3,19,11,1,471.15,510.55,904.8,570.3642857142858,183.45108729186867,686.1519999999999
2022-03-20,1006.75,6,3,20,11,1,632.1,947.55,1197.73,578.8214285714286,203.95611222584904,692.1086666666666
2022-03-21,598.85,0,3,21,12,0,1006.75,572.5,700.1,582.5857142857143,204.06313098786086,681.6186666666667
2022-03-22,581.85,1,3,22,12,0,598.85,476.2,603.55,597.6785714285714,198.7203350128429,661.2019999999999
2022-03-23,502.95,2,3,23,12,0,581.85,389.7,427.65,613.8571428571429,182.9502765520558,658.1853333333333
2022-03-24,463.0,3,3,24,12,0,502.95,503.35,417.2,608.092857142857,187.58921528295195,652.9086666666666
2022-03-25,573.25,4,3,25,12,0,463.0,471.15,460.7,622.6785714285714,178.93656198296438,672.0169999999999
2022-03-26,825.9,5,3,26,12,1,573.25,632.1,510.55,650.3642857142858,194.91641523629826,675.2320000000001
2022-03-27,979.05,6,3,27,12,1,825.9,1006.75,947.55,646.4071428571427,186.57811685852602,679.9003333333334
2022-03-28,570.7,0,3,28,13,0,979.05,598.85,572.5,642.3857142857142,188.0713732298699,667.8986666666667
2022-03-29,554.45,1,3,29,13,0,570.7,581.85,476.2,638.4714285714286,189.81829657407448,640.5103333333333
2022-03-30,362.5,2,3,30,13,0,554.45,502.95,389.7,618.407142857143,212.58804338549643,631.4086666666666
2022-03-31,404.35,3,3,31,13,0,362.5,463.0,503.35,610.0285714285716,220.73352497438296,617.9036666666667
2022-04-01,625.9,4,4,1,13,0,404.35,573.25,471.15,617.5500000000001,220.16772772895408,618.9119999999999
2022-04-02,614.65,5,4,2,13,1,625.9,825.9,632.1,587.3714285714286,200.44385510066525,619.0493333333333
2022-04-03,789.4,6,4,3,13,1,614.65,979.05,1006.75,560.2785714285714,143.37114672863248,622.2793333333334
2022-04-04,533.05,0,4,4,14,0,789.4,570.7,598.85,554.9,143.62102910088527,609.8876666666667
2022-04-05,644.05,1,4,5,14,0,533.05,554.45,581.85,567.6999999999999,147.51420270603563,591.4316666666667
2022-04-06,475.25,2,4,6,14,0,644.05,362.5,502.95,583.8071428571428,125.954040654281,583.9366666666666
2022-04-07,617.7,3,4,7,14,0,475.25,404.35,463.0,614.2857142857143,98.00321301825905,584.4083333333333
2022-04-08,467.6,4,4,8,14,0,617.7,625.9,573.25,591.6714285714286,112.12325382192799,585.74
2022-04-09,650.95,5,4,9,14,1,467.6,614.65,825.9,596.8571428571429,114.18365115231535,593.5316666666666
2022-04-10,961.4,6,4,10,14,1,650.95,789.4,979.05,621.4285714285714,168.23589306174597,610.2216666666667
2022-04-11,735.1,0,4,11,15,0,961.4,533.05,570.7,650.2928571428572,167.87807437881946,617.7066666666667
2022-04-12,618.1,1,4,12,15,0,735.1,644.05,554.45,646.5857142857143,168.32483158633784,606.725
2022-04-13,568.95,2,4,13,15,0,618.1,475.25,362.5,659.9714285714286,155.67949409267098,606.6066666666667
2022-04-14,612.25,3,4,14,15,0,568.95,617.7,404.35,659.1928571428572,155.93954338292065,611.1416666666667
2022-04-15,785.35,4,4,15,15,0,612.25,467.6,625.9,704.5857142857142,135.82284329928618,624.33
2022-04-16,1580.75,5,4,16,15,1,785.35,650.95,614.65,837.4142857142857,354.0174497985978,660.2433333333335
2022-04-17,1399.05,6,4,17,15,1,1580.75,961.4,789.4,899.9357142857143,413.2533209326972,691.1733333333334
2022-04-18,1679.85,0,4,18,16,0,1399.05,735.1,533.05,1034.8999999999999,496.36307527856894,726.0983333333334
2022-04-19,902.75,1,4,19,16,0,1679.85,618.1,644.05,1075.564285714286,467.33715676718504,722.6316666666667
2022-04-20,738.15,2,4,20,16,0,902.75,568.95,475.25,1099.7357142857143,440.36436969314,727.275
2022-04-21,1067.95,3,4,21,16,0,738.15,612.25,617.7,1164.8357142857142,386.70113536843496,743.4783333333334
2022-04-22,920.65,4,4,22,16,0,1067.95,785.35,467.6,1184.1642857142856,367.4753299137736,757.4016666666666
2022-04-23,768.0,5,4,23,16,1,920.65,1580.75,650.95,1068.0571428571427,349.2313254713479,767.5683333333333
2022-04-24,1143.3,6,4,24,16,1,768.0,1399.05,961.4,1031.5214285714285,321.07535960832826,786.5699999999999
2022-04-25,682.45,0,4,25,17,0,1143.3,1679.85,735.1,889.0357142857141,172.2120754435338,781.7883333333333
2022-04-26,635.15,1,4,26,17,0,682.45,902.75,618.1,850.8071428571429,196.63074621518558,770.325
2022-04-27,807.35,2,4,27,17,0,635.15,738.15,568.95,860.6928571428571,191.70059213212517,778.2133333333333
2022-04-28,649.3000000000001,3,4,28,17,0,807.35,1067.95,612.25,800.8857142857142,181.28608080940975,781.375
2022-04-29,729.35,4,4,29,17,0,649.3000000000001,920.65,785.35,773.5571428571429,174.51541342760302,793.6033333333334
2022-04-30,1268.2,5,4,30,17,1,729.35,768.0,1580.75,845.0142857142857,255.48372047660743,822.3983333333333
2022-05-01,1722.55,6,5,1,17,1,1268.2,1143.3,1399.05,927.7642857142857,413.2781979835973,858.9533333333334
2022-05-02,926.2,0,5,2,18,0,1722.55,682.45,1679.85,962.5857142857143,399.1926933556895,869.3383333333334
2022-05-03,696.8,1,5,3,18,0,926.2,635.15,902.75,971.3928571428571,391.36806570943037,866.2516666666667
2022-05-04,0.0,2,5,4,18,0,696.8,807.35,738.15,856.0571428571429,538.9173579413397,848.4833333333333
2022-05-05,761.9,3,5,5,18,0,0.0,649.3000000000001,1067.95,872.1428571428571,533.369370471478,852.4116666666666
2022-05-06,882.0,4,5,6,18,0,761.9,729.35,920.65,893.9499999999999,529.6659033453678,865.9699999999999
2022-05-07,858.05,5,5,7,18,1,882.0,1268.2,768.0,835.3571428571429,503.4000566386612,873.9816666666667
2022-05-08,1230.95,6,5,8,18,1,858.05,1722.55,1143.3,765.1285714285714,377.5640959461277,899.4266666666666
2022-05-09,704.85,0,5,9,19,0,1230.95,926.2,682.45,733.5071428571429,371.03862717665993,901.2233333333334
2022-05-10,637.05,1,5,10,19,0,704.85,696.8,635.15,724.9714285714284,372.70733252014685,890.4116666666666
2022-05-11,505.1,2,5,11,19,0,637.05,0.0,807.35,797.1285714285714,230.85992660980264,882.745
2022-05-12,675.6999999999999,3,5,12,19,0,505.1,761.9,649.3000000000001,784.8142857142857,235.30837517727488,884.6650000000001
2022-05-13,745.25,4,5,13,19,0,675.6999999999999,882.0,729.35,765.2785714285714,231.541554688606,890.5416666666666
2022-05-14,860.2,5,5,14,19,1,745.25,858.05,1268.2,765.5857142857142,231.68650822876108,898.8066666666667
2022-05-15,1228.8,6,5,15,19,1,860.2,1230.95,1722.55,765.2785714285714,230.96706990597178,913.5883333333333
2022-05-16,695.6,0,5,16,20,0,1228.8,704.85,926.2,763.9571428571428,231.3964823064672,884.0833333333334
2022-05-17,603.85,1,5,17,20,0,695.6,637.05,696.8,759.2142857142857,234.74717022483802,857.5766666666666
2022-05-18,617.3,2,5,18,20,0,603.85,505.1,0.0,775.2428571428571,217.71716826456418,822.1583333333333
2022-05-19,614.95,3,5,19,20,0,617.3,675.6999999999999,761.9,766.5642857142857,223.48094198067338,812.565
2022-05-20,681.35,4,5,20,20,0,614.95,745.25,882.0,757.4357142857143,225.78981692841924,810.6716666666666
2022-05-21,779.35,5,5,21,20,1,681.35,860.2,858.05,745.8857142857144,221.68753106245973,801.0516666666666
2022-05-22,1161.7,6,5,22,20,1,779.35,1228.8,1230.95,736.3000000000001,197.45222206903017,809.0866666666667
2022-05-23,642.0,0,5,23,21,0,1161.7,695.6,704.85,728.6428571428571,200.31219680906545,804.8866666666668
2022-05-24,657.5,1,5,24,21,0,642.0,603.85,637.05,736.3071428571429,195.71523409571483,788.6933333333334
2022-05-25,835.85,2,5,25,21,0,657.5,617.3,505.1,767.5285714285714,190.94037214346105,793.8066666666667
2022-05-26,1753.25,3,5,26,21,0,835.85,614.95,675.6999999999999,930.1428571428571,404.55984871273904,831.0766666666666
2022-05-27,1916.8,4,5,27,21,0,1753.25,681.35,745.25,1106.6357142857144,528.4503064892384,868.0583333333333
2022-05-28,1965.35,5,5,28,21,1,1916.8,779.35,860.2,1276.064285714286,592.2964289626468,911.9266666666667
2022-05-29,2392.6,6,5,29,21,1,1965.35,1161.7,1228.8,1451.9071428571426,721.3434453784657,967.3683333333333
2022-05-30,850.45,0,5,30,22,0,2392.6,642.0,695.6,1481.685714285714,685.7613735320552,953.4433333333333
2022-05-31,682.8,1,5,31,22,0,850.45,657.5,603.85,1485.2999999999997,680.7418526871986,918.785
2022-06-01,638.0500000000001,2,6,1,22,0,682.8,835.85,617.3,1457.042857142857,715.4153592078351,909.18
2022-06-02,594.9,3,6,2,22,0,638.0500000000001,1753.25,614.95,1291.5642857142855,767.548516226762,905.7833333333333
2022-06-03,734.9,4,6,3,22,0,594.9,1916.8,681.35,1122.7214285714285,736.4537102771301,930.28
2022-06-04,1106.35,5,6,4,22,1,734.9,1965.35,779.35,1000.0071428571428,637.5758709286878,941.7616666666668
2022-06-05,1756.1,6,6,5,22,1,1106.35,2392.6,1161.7,909.0785714285713,410.99542866186573,970.8983333333333
2022-06-06,1682.25,0,6,6,23,0,1756.1,850.45,642.0,1027.9071428571428,501.5008469821443,998.3716666666666
2022-06-07,630.2,1,6,7,23,0,1682.25,682.8,657.5,1020.3928571428571,507.887024370389,978.3466666666667
2022-06-08,579.35,2,6,8,23,0,630.2,638.0500000000001,835.85,1012.0071428571428,515.6768815745717,974.1633333333333
2022-06-09,602.3,3,6,9,23,0,579.35,594.9,1753.25,1013.0642857142857,514.6859282726732,973.005
2022-06-10,709.0,4,6,10,23,0,602.3,734.9,1916.8,1009.3642857142856,517.106294452024,979.8016666666667
2022-06-11,1027.7,5,6,11,23,1,709.0,1106.35,1965.35,998.1285714285714,515.4997250703609,991.535
2022-06-12,1168.3,6,6,12,23,1,1027.7,1756.1,2392.6,914.1571428571427,408.15009946155175,1005.6366666666668
2022-06-13,710.8,0,6,13,24,0,1168.3,1682.25,850.45,775.3785714285715,229.52489671990665,1000.6566666666666
2022-06-14,703.25,1,6,14,24,0,710.8,630.2,682.8,785.8142857142857,223.40301906771438,983.1383333333334
2022-06-15,620.6,2,6,15,24,0,703.25,579.35,638.0500000000001,791.7071428571429,217.51575887080227,980.6383333333332
2022-06-16,606.85,3,6,16,24,0,620.6,602.3,594.9,792.3571428571429,216.86123525688262,980.7383333333333
2022-06-17,640.3,4,6,17,24,0,606.85,709.0,734.9,782.5428571428572,222.7373236732923,981.505
2022-06-18,1027.05,5,6,18,24,1,640.3,1027.7,1106.35,782.45,222.61818958326708,995.2416666666667
2022-06-19,1523.0,6,6,19,24,1,1027.05,1168.3,1756.1,833.1214285714286,336.3812505391523,1023.2966666666667
2022-06-20,690.8,0,6,20,25,0,1523.0,710.8,1682.25,830.2642857142857,337.6758279206597,1020.3449999999999
2022-06-21,616.8000000000001,1,6,21,25,0,690.8,703.25,630.2,817.9142857142857,344.60520976218027,1002.1816666666666
2022-06-22,517.5,2,6,22,25,0,616.8000000000001,620.6,579.35,803.1857142857142,356.44396557556735,998.0316666666665
2022-06-23,614.3000000000001,3,6,23,25,0,517.5,606.85,602.3,804.25,355.7705194363329,996.5916666666667
2022-06-24,801.9,4,6,24,25,0,614.3000000000001,640.3,709.0,827.3357142857143,348.52815371009785,995.4599999999999
2022-06-25,964.4499999999999,5,6,25,25,1,801.9,1027.05,1027.7,818.3928571428571,343.3137418705243,969.1666666666666
2022-06-26,1263.2,6,6,26,25,1,964.4499999999999,1523.0,1168.3,781.2785714285714,257.851969576119,947.38
2022-06-27,770.25,0,6,27,26,0,1263.2,690.8,710.8,792.6285714285714,254.9376816942077,907.5433333333333
2022-06-28,607.1,1,6,28,26,0,770.25,616.8000000000001,703.25,791.2428571428572,256.07650293836207,848.0266666666666
2022-06-29,609.15,2,6,29,26,0,607.1,517.5,620.6,804.3357142857143,241.6863492805698,839.9833333333333
2022-06-30,769.6,3,6,30,26,0,609.15,614.3000000000001,606.85,826.5214285714286,228.07941025211062,842.8766666666667
2022-07-01,836.05,4,7,1,26,0,769.6,801.9,640.3,831.3999999999999,227.83008288341748,849.4766666666667
2022-07-02,955.85,5,7,2,26,1,836.05,964.4499999999999,1027.05,830.1714285714286,227.01476247361225,861.5083333333333
2022-07-03,1746.05,6,7,3,26,1,955.85,1263.2,1523.0,899.15,393.11315694932546,895.2133333333334
2022-07-04,875.65,0,7,4,27,0,1746.05,770.25,690.8,914.2071428571428,389.35368286063664,887.5233333333333
2022-07-05,862.2,1,7,5,27,0,875.65,607.1,616.8000000000001,950.6499999999999,367.12194045938617,857.7266666666667
2022-07-06,753.25,2,7,6,27,0,862.2,609.15,517.5,971.2357142857143,348.34112197945166,826.76
2022-07-07,960.95,3,7,7,27,0,753.25,769.6,614.3000000000001,998.5714285714286,337.2109550626792,837.785
2022-07-08,952.2,4,7,8,27,0,960.95,836.05,801.9,1015.1642857142858,330.67537040916227,850.2133333333334
2022-07-09,1355.65,5,7,9,27,1,952.2,955.85,964.4499999999999,1072.2785714285715,352.52783561153166,875.325
2022-07-10,1948.75,6,7,10,27,1,1355.65,1746.05,1263.2,1101.2357142857143,419.13002429067706,916.65
2022-07-11,1308.05,0,7,11,28,0,1948.75,875.65,770.25,1163.007142857143,412.14745179827133,925.9950000000001
2022-07-12,1182.65,1,7,12,28,0,1308.05,862.2,607.1,1208.7857142857142,390.38961170677993,926.4733333333332
2022-07-13,1368.85,2,7,13,28,0,1182.65,753.25,609.15,1296.7285714285715,336.2524991941098,948.4083333333333
2022-07-14,2098.65,3,7,14,28,0,1368.85,960.95,769.6,1459.2571428571428,413.08119301634747,994.9216666666667
2022-07-15,1904.5500000000002,4,7,15,28,0,2098.65,952.2,836.05,1595.3071428571432,373.14608335584757,1037.72
2022-07-16,2334.0,5,7,16,28,1,1904.5500000000002,1355.65,955.85,1735.0714285714287,444.7698279795429,1095.2916666666667
2022-07-17,2656.95,6,7,17,28,1,2334.0,1948.75,1746.05,1836.2428571428572,565.6078090784073,1162.5133333333333
2022-07-18,1584.95,0,7,18,29,0,2656.95,1308.05,875.65,1875.8,531.1434512759555,1181.1100000000001
2022-07-19,1286.8999999999999,1,7,19,29,0,1584.95,1182.65,862.2,1890.6928571428573,509.48894363909034,1173.2400000000002
2022-07-20,1323.9,2,7,20,29,0,1286.8999999999999,1368.85,753.25,1884.2714285714287,517.3843565290241,1194.3433333333335
2022-07-21,1332.1,3,7,21,29,0,1323.9,2098.65,960.95,1774.7642857142855,544.8412381252951,1218.1866666666667
2022-07-22,1374.6,4,7,22,29,0,1332.1,1904.5500000000002,952.2,1699.0571428571427,560.398366066922,1246.7566666666667
2022-07-23,1967.92,5,7,23,29,1,1374.6,2334.0,1355.65,1646.76,505.6790547043315,1291.8773333333334
2022-07-24,2205.4,6,7,24,29,1,1967.92,2656.95,1948.75,1582.252857142857,364.40235348280777,1338.6606666666667
2022-07-25,1584.8500000000001,0,7,25,30,0,2205.4,1584.95,1308.05,1582.2385714285715,364.40223208374937,1359.3406666666667
2022-07-26,1408.05,1,7,26,30,0,1584.8500000000001,1286.8999999999999,1182.65,1599.5457142857142,350.65508855365425,1364.169
2022-07-27,1312.9,2,7,27,30,0,1408.05,1323.9,1368.85,1597.9742857142858,352.1178464594457,1382.2573333333335
2022-07-28,1481.65,3,7,28,30,0,1312.9,1332.1,2098.65,1619.3385714285716,337.5324778165089,1411.409
2022-07-29,1306.15,4,7,29,30,0,1481.65,1374.6,1904.5500000000002,1609.56,346.67223021176596,1434.6423333333332
2022-07-30,1840.0,5,7,30,30,1,1306.15,1967.92,2334.0,1591.2857142857142,327.473375144562,1470.3223333333333
2022-07-31,2486.55,6,7,31,30,1,1840.0,2205.4,2656.95,1631.4500000000003,419.6233360606466,1525.339
2022-08-01,1796.2,0,8,1,31,0,2486.55,1584.8500000000001,1584.95,1661.642857142857,423.29898951427845,1553.3506666666665
2022-08-02,1694.4,1,8,2,31,0,1796.2,1408.05,1286.8999999999999,1702.5500000000004,408.27730363891936,1551.6290000000001
2022-08-03,1475.1000000000001,2,8,3,31,0,1694.4,1312.9,1323.9,1725.7214285714285,386.4992700048545,1571.610666666667
2022-08-04,1680.6499999999999,3,8,4,31,0,1475.1000000000001,1481.65,1332.1,1754.15,372.62434166328933,1598.8923333333332
2022-08-05,1728.85,4,8,5,31,0,1680.6499999999999,1306.15,1374.6,1814.5357142857142,318.19921657441466,1631.4123333333332
2022-08-06,1964.7000000000003,5,8,6,31,1,1728.85,1840.0,1967.92,1832.3500000000001,323.31199843701006,1664.8706666666667
2022-08-07,2487.9,6,8,7,31,1,1964.7000000000003,2486.55,2205.4,1832.542857142857,323.7673527248787,1716.060666666667
2022-08-08,2192.35,0,8,8,32,0,2487.9,1796.2,1584.8500000000001,1889.1357142857144,349.9221124220427,1743.9506666666668
2022-08-09,1695.2,1,8,9,32,0,2192.35,1694.4,1408.05,1889.25,349.84803367557544,1735.499
2022-08-10,1801.05,2,8,10,32,0,1695.2,1475.1000000000001,1312.9,1935.814285714286,304.2595571140503,1751.9323333333334
2022-08-11,1945.95,3,8,11,32,0,1801.05,1680.6499999999999,1481.65,1973.7142857142858,282.9553317432007,1777.3756666666666
2022-08-12,1960.8500000000001,4,8,12,32,0,1945.95,1728.85,1306.15,2006.8571428571431,262.3293563261195,1797.1090000000002
2022-08-13,2133.05,5,8,13,32,1,1960.8500000000001,1964.7000000000003,1840.0,2030.9071428571428,265.5179661664026,1798.2556666666667
2022-08-14,3184.1,6,8,14,32,1,2133.05,2487.9,2486.55,2130.364285714286,495.77682707232776,1840.9073333333333
2022-08-15,2348.7,0,8,15,33,0,3184.1,2192.35,1796.2,2152.7000000000003,502.5110347047118,1841.3973333333336
2022-08-16,1733.2,1,8,16,33,0,2348.7,1695.2,1694.4,2158.1285714285714,496.9191339788455,1810.6056666666666
2022-08-17,1605.35,2,8,17,33,0,1733.2,1801.05,1475.1000000000001,2130.171428571429,525.0650093537172,1811.2856666666667
2022-08-18,1830.05,3,8,18,33,0,1605.35,1945.95,1680.6499999999999,2113.6142857142854,533.6003417932795,1829.3906666666667
2022-08-19,1440.15,4,8,19,33,0,1830.05,1960.8500000000001,1728.85,2039.2285714285713,591.5883315681766,1833.2656666666667
2022-08-20,2153.6,5,8,20,33,1,1440.15,2133.05,1964.7000000000003,2042.1642857142856,592.1822014903054,1860.6490000000001
2022-08-21,2571.0,6,8,21,33,1,2153.6,3184.1,2487.9,1954.5785714285714,413.52746669874955,1900.529
2022-08-22,1656.0,0,8,22,34,0,2571.0,2348.7,2192.35,1855.6214285714284,385.42176990186385,1890.131666666667
2022-08-23,1356.15,1,8,23,34,0,1656.0,1733.2,1695.2,1801.7571428571428,429.2386315991867,1861.8233333333335
2022-08-24,1350.95,2,8,24,34,0,1356.15,1605.35,1801.05,1765.4142857142856,458.4176604675815,1854.0266666666669
2022-08-25,1195.85,3,8,25,34,0,1350.95,1830.05,1945.95,1674.814285714286,503.92586898131236,1846.9533333333334
2022-08-26,1023.0500000000001,4,8,26,34,0,1195.85,1440.15,1960.8500000000001,1615.2285714285713,558.0507510202679,1837.2916666666667
2022-08-27,1261.0500000000002,5,8,27,34,1,1023.0500000000001,2153.6,2133.05,1487.7214285714288,514.8326603997506,1829.9383333333333
2022-08-28,1946.05,6,8,28,34,1,1261.0500000000002,2571.0,3184.1,1398.4428571428573,308.5163372613222,1851.2683333333334
2022-08-29,937.4,0,8,29,35,0,1946.05,1656.0,2348.7,1295.7857142857142,327.5030263400686,1821.1816666666668
2022-08-30,1030.65,1,8,30,35,0,937.4,1356.15,1733.2,1249.2857142857142,340.3593061191417,1772.6516666666669
2022-08-31,678.1,2,8,31,35,0,1030.65,1350.95,1605.35,1153.1642857142858,397.1374517660564,1735.381666666667
2022-09-01,0.0,3,9,1,35,0,678.1,1195.85,1830.05,982.3285714285714,587.3642884794332,1678.9016666666669
2022-09-02,703.25,4,9,2,35,0,0.0,1023.0500000000001,1440.15,936.6428571428571,596.0421080123517,1653.1733333333332
2022-09-03,935.1,5,9,3,35,1,703.25,1261.0500000000002,2153.6,890.0785714285714,578.9619913094043,1628.3216666666667
2022-09-04,1162.2,6,9,4,35,1,935.1,1946.05,2571.0,778.1000000000001,383.48879492539476,1609.4333333333336
2022-09-05,865.0,0,9,5,36,0,1162.2,937.4,1656.0,767.7571428571428,379.4312041602197,1572.7766666666669
2022-09-06,608.5,1,9,6,36,0,865.0,1030.65,1356.15,707.4499999999999,363.9138531301028,1510.13
2022-09-07,599.05,2,9,7,36,0,608.5,678.1,1350.95,696.1571428571427,366.19580193817194,1457.02
2022-09-08,611.45,3,9,8,36,0,599.05,0.0,1195.85,783.5071428571428,213.5909514090138,1420.8950000000002
2022-09-09,740.55,4,9,9,36,0,611.45,703.25,1023.0500000000001,788.8357142857142,211.712036569888,1385.5449999999998
2022-09-10,890.95,5,9,10,36,1,740.55,935.1,1261.0500000000002,782.5285714285716,207.23880922167353,1350.3783333333336
2022-09-11,1413.3,6,9,11,36,1,890.95,1162.2,1946.05,818.3999999999999,289.3678253250204,1332.1266666666666
2022-09-12,693.95,0,9,12,37,0,1413.3,865.0,937.4,793.9642857142857,291.98714114706536,1284.1566666666668
2022-09-13,512.45,1,9,13,37,0,693.95,608.5,1030.65,780.2428571428571,304.1584817554948,1195.1016666666667
2022-09-14,588.8,2,9,14,37,0,512.45,599.05,678.1,778.7785714285716,305.19906052872636,1136.4383333333333
2022-09-15,624.95,3,9,15,37,0,588.8,611.45,0.0,780.7071428571428,304.0057954883004,1099.4966666666667
2022-09-16,696.35,4,9,16,37,0,624.95,740.55,703.25,774.3928571428571,305.4345489470278,1069.1966666666665
2022-09-17,1024.6,5,9,17,37,1,696.35,890.95,935.1,793.4857142857143,317.8594732926847,1042.3483333333334
2022-09-18,1199.7,6,9,18,37,1,1024.6,1413.3,1162.2,762.9714285714286,251.83669122591562,1034.3333333333335
2022-09-19,0.0,0,9,19,38,0,1199.7,693.95,865.0,663.8357142857143,384.9451321447027,962.5466666666667
2022-09-20,619.15,1,9,20,38,0,0.0,512.45,608.5,679.0785714285714,380.0327385646535,897.485
2022-09-21,549.05,2,9,21,38,0,619.15,588.8,599.05,673.3999999999999,381.89893514733,860.5866666666666
2022-09-22,593.85,3,9,22,38,0,549.05,624.95,611.45,668.9571428571428,382.7365079578997,835.1766666666666
2022-09-23,654.95,4,9,23,38,0,593.85,696.35,740.55,663.0428571428572,382.56249753969274,811.9766666666668
2022-09-24,846.45,5,9,24,38,1,654.95,1024.6,890.95,637.592857142857,359.746457509277,800.3299999999999
2022-09-25,1152.85,6,9,25,38,1,846.45,1199.7,1413.3,630.9,347.7827398918245,804.6566666666666
2022-09-26,693.75,0,9,26,39,0,1152.85,0.0,693.95,730.0071428571429,209.31504848865399,785.7466666666667
2022-09-27,746.45,1,9,27,39,0,693.75,619.15,512.45,748.1928571428571,203.52835885237454,745.7600000000001
2022-09-28,610.7,2,9,28,39,0,746.45,549.05,588.8,757.0,194.61337955032303,734.87
2022-09-29,689.2,3,9,29,39,0,610.7,593.85,624.95,770.6214285714286,184.35758699047489,723.4883333333332
2022-09-30,795.95,4,9,30,39,0,689.2,654.95,696.35,790.7642857142857,177.1759170859185,727.4166666666666
